Workbook

Sheet Q4 Homework
A1: Assignment | B1: Conservation Essay | C1: Ch. 8 Questions | D1: Ch. 9 Summary | E1: Problems #2-20 | F1: Collage | G1: Personal Shield | H1: Total
A2: Points Possible | B2: 100 | C2: 25 | D2: 25 | E2: 25 | F2: 50 | G2: 75 | H2: =SUM(B2:G2) -> 300
A3: Brantley | B3: 95 | C3: 23 | D3: 25 | E3: 20 | F3: 50 | G3: 75 | H3: =SUM(B3:G3) -> 288
A4: Catalini | B4: 84 | C4: 23 | D4: 25 | E4: 23 | F4: 45 | G4: 69 | H4: =SUM(B4:G4) -> 269
A5: Evans | B5: 81 | C5: 21 | D5: 25 | E5: 25 | F5: 50 | G5: 71 | H5: =SUM(B5:F5) -> 202
A6: Garcia | B6: 89 | C6: 24 | D6: 25 | E6: 19 | F6: 49 | G6: 75 | H6: =SUM(B6:G6) -> 281
A7: Handleman | B7: 78 | C7: 22 | D7: 21 | E7: 20 | F7: 40 | G7: 73 | H7: =SUM(B7:G7) -> 254
A8: Jones | B8: 87 | C8: 25 | D8: 25 | E8: 20 | F8: 50 | G8: 70 | H8: =SUM(B8:G8) -> 277
A9: Seaborne | B9: 80 | C9: 21 | D9: 23 | E9: 20 | F9: 42 | G9: 65 | H9: =SUM(B9:G9) -> 251
A10: Summers | B10: 94 | C10: 25 | D10: 25 | E10: 25 | F10: 50 | G10: 72 | H10: =SUM(B10:G10) -> 291
A11: Tierney | B11: 80 | C11: 23 | D11: 20 | E11: 25 | F11: 48 | G11: 73 | H11: =SUM(B11:G11) -> 269

Sheet Q4 Summary
A1: Category | B1: Tests | C1: Quizzes | D1: Projects | E1: Homework | F1: Weighted Score | G1: Weighted Ave
A2: Value | B2: 0.3 | C2: 0.1 | D2: 0.4 | E2: 0.2 | F2: =SUM(B2:E2) -> 1
A3: Points Possible | B3: 300 | C3: 300 | D3: 300 | E3: ='Q4 Homework'!H2 -> 300 | F3: =B3*0.3+C3*0.1+D3*0.4+D3*0.2 -> 300
A4: Brantley | B4: 300 | C4: 275 | D4: 300 | E4: ='Q4 Homework'!H3 -> 288 | F4: =B4*0.3+C4*0.1+D4*0.4+D4*0.2 -> 297.5 | G4: =(F4/300)*100 -> 99.166667
A5: Catalini | B5: 280 | C5: 285 | D5: 295 | E5: ='Q4 Homework'!H4 -> 269 | F5: =B5*0.3+C5*0.1+D5*0.4+D5*0.2 -> 289.5 | G5: =(F5/300)*100 -> 96.5
A6: Evans | B6: 200 | C6: 268 | D6: 279 | E6: ='Q4 Homework'!H5 -> 202 | F6: =B6*0.3+C6*0.1+D6*0.4+D6*0.2 -> 254.2 | G6: =(F6/300)*100 -> 84.733333
A7: Garcia | B7: 280 | C7: 295 | D7: 300 | E7: ='Q4 Homework'!H6 -> 281 | F7: =B7*0.3+C7*0.1+D7*0.4+D7*0.2 -> 293.5 | G7: =(F7/300)*100 -> 97.833333
A8: Handleman | B8: 285 | C8: 285 | D8: 267 | E8: ='Q4 Homework'!H7 -> 254 | F8: =B8*0.3+C8*0.1+D8*0.4+D8*0.2 -> 274.2 | G8: =(F8/300)*100 -> 91.4
A9: Jones | B9: 290 | C9: 290 | D9: 300 | E9: ='Q4 Homework'!H8 -> 277 | F9: =B9*0.3+C9*0.1+D9*0.4+D9*0.2 -> 296 | G9: =(F9/300)*100 -> 98.666667
A10: Seaborne | B10: 245 | C10: 273 | D10: 240 | E10: ='Q4 Homework'!H9 -> 251 | F10: =B10*0.3+C10*0.1+D10*0.4+D10*0.2 -> 244.8 | G10: =(F10/300)*100 -> 81.6
A11: Summers | B11: 295 | C11: 295 | D11: 300 | E11: ='Q4 Homework'!H10 -> 291 | F11: =B11*0.3+C11*0.1+D11*0.4+D11*0.2 -> 298 | G11: =(F11/300)*100 -> 99.333333
A12: Tierney | B12: 275 | C12: 280 | D12: 290 | E12: ='Q4 Homework'!H11 -> 269 | F12: =B12*0.3+C12*0.1+D12*0.4+D12*0.2 -> 284.5 | G12: =(F12/300)*100 -> 94.833333

Sheet Year Summary
A1: Last | B1: First | C1: SSN | D1: Q1 | E1: Q2 | F1: Q3 | G1: Q4 | H1: Final Average | I1: Final Grade
A2: Brantley | B2: Ellie | C2: 522098786 | D2: 87 | E2: 94 | F2: 90 | G2: ='Q4 Summary'!G4 -> 99.166667 | H2: =AVERAGE(D2:G2) -> 92.541667 | I2: =IF(H2<60,"F",IF(H2<70,"D",IF(H2<80,"C",IF(H2<90,"B",IF(H2<101,"A"))))) -> A
A3: Catalini | B3: Dayna | C3: 152845367 | D3: 90 | E3: 89 | F3: 93 | G3: ='Q4 Summary'!G5 -> 96.5 | H3: =AVERAGE(D3:G3) -> 92.125 | I3: =IF(H3<60,"F",IF(H3<70,"D",IF(H3<80,"C",IF(H3<90,"B",IF(H3<101,"A"))))) -> A
A4: Evans | B4: Robert | C4: 459809125 | D4: 82 | E4: 79 | F4: 80 | G4: ='Q4 Summary'!G6 -> 84.733333 | H4: =AVERAGE(D4:G4) -> 81.433333 | I4: =IF(H4<60,"F",IF(H4<70,"D",IF(H4<80,"C",IF(H4<90,"B",IF(H4<101,"A"))))) -> B
A5: Garcia | B5: James | C5: 548712349 | D5: 88 | E5: 92 | F5: 90 | G5: ='Q4 Summary'!G7 -> 97.833333 | H5: =AVERAGE(D5:G5) -> 91.958333 | I5: =IF(H5<60,"F",IF(H5<70,"D",IF(H5<80,"C",IF(H5<90,"B",IF(H5<101,"A"))))) -> A
A6: Handleman | B6: Skippy | C6: 330260064 | D6: 79 | E6: 80 | F6: 84 | G6: ='Q4 Summary'!G8 -> 91.4 | H6: =AVERAGE(D6:G6) -> 83.6 | I6: =IF(H6<60,"F",IF(H6<70,"D",IF(H6<80,"C",IF(H6<90,"B",IF(H6<101,"A"))))) -> B
A7: Jones | B7: Dorothy | C7: 127659820 | D7: 95 | E7: 100 | F7: 100 | G7: ='Q4 Summary'!G9 -> 98.666667 | H7: =AVERAGE(D7:G7) -> 98.416667 | I7: =IF(H7<60,"F",IF(H7<70,"D",IF(H7<80,"C",IF(H7<90,"B",IF(H7<101,"A"))))) -> A
A8: Seaborne | B8: Lisa | C8: 231452839 | D8: 80 | E8: 79 | F8: 74 | G8: ='Q4 Summary'!G10 -> 81.6 | H8: =AVERAGE(D8:G8) -> 78.65 | I8: =IF(H8<60,"F",IF(H8<70,"D",IF(H8<80,"C",IF(H8<90,"B",IF(H8<101,"A"))))) -> C
A9: Summers | B9: Kathleen | C9: 837493585 | D9: 92 | E9: 89 | F9: 85 | G9: ='Q4 Summary'!G11 -> 99.333333 | H9: =AVERAGE(D9:G9) -> 91.333333 | I9: =IF(H9<60,"F",IF(H9<70,"D",IF(H9<80,"C",IF(H9<90,"B",IF(H9<101,"A"))))) -> A
A10: Tierney | B10: Gavin | C10: 716228068 | D10: 88 | E10: 89 | F10: 88 | G10: ='Q4 Summary'!G12 -> 94.833333 | H10: =AVERAGE(D10:G10) -> 89.958333 | I10: =IF(H10<60,"F",IF(H10<70,"D",IF(H10<80,"C",IF(H10<90,"B",IF(H10<101,"A"))))) -> B
C11: Class Average | D11: =AVERAGE(D2:D10) -> 86.777778 | E11: =AVERAGE(E2:E10) -> 87.888889 | F11: =AVERAGE(F2:F10) -> 87.111111 | G11: =AVERAGE(G2:G10) -> 93.785185

Sheet Quarter Grades-Graph
