Workbook

Sheet Sheet1
A1: Sudents | C1: Homework | D1: Tests | E1: Midterm | F1: Final | G1: Participation | I1: Final Grade: Number | J1: Final Grade: Letter
A3: Angel, Elizabeth | C3: =Sheet2!P5 -> 88.7 | D3: =Sheet3!P4 -> 0.89792663 | E3: 0.88 | F3: 0.9 | G3: 0.95 | I3: =(C3*0.125)+(D3*25)+(E3*25)+(F3*25)+(G3*12.5) -> 89.910666 | J3: =VLOOKUP(I3,$K$5:$L$17,2,TRUE()) -> A-
A4: Bass, Ronnie | C4: =Sheet2!P6 -> 90.2 | D4: =Sheet3!P5 -> 0.87093036 | E4: 0.87 | F4: 0.82 | G4: 0.9 | I4: =(C4*0.125)+(D4*25)+(E4*25)+(F4*25)+(G4*12.5) -> 86.548259 | J4: =VLOOKUP(I4,$K$5:$L$17,2,TRUE()) -> B+ | K4: GRADE TRANSLATION
A5: Bear, Ty | C5: =Sheet2!P7 -> 86.1 | D5: =Sheet3!P6 -> 0.83028309 | E5: 0.82 | F5: 0.79 | G5: 0.9 | I5: =(C5*0.125)+(D5*25)+(E5*25)+(F5*25)+(G5*12.5) -> 83.019577 | J5: =VLOOKUP(I5,$K$5:$L$17,2,TRUE()) -> B | K5: 0 | L5: F
A6: Britt, Edward J. | C6: =Sheet2!P8 -> 83.1 | D6: =Sheet3!P7 -> 0.90668793 | E6: 0.82 | F6: 0.9 | G6: 0.95 | I6: =(C6*0.125)+(D6*25)+(E6*25)+(F6*25)+(G6*12.5) -> 87.929698 | J6: =VLOOKUP(I6,$K$5:$L$17,2,TRUE()) -> B+ | K6: 59.5 | L6: D-
A7: Cerrantino, Joesph | C7: =Sheet2!P9 -> 82.8 | D7: =Sheet3!P8 -> 0.85515284 | E7: 0.9 | F7: 0.8 | G7: 1 | I7: =(C7*0.125)+(D7*25)+(E7*25)+(F7*25)+(G7*12.5) -> 86.728821 | J7: =VLOOKUP(I7,$K$5:$L$17,2,TRUE()) -> B+ | K7: 63 | L7: D-
A8: Gellar, Christina | C8: =Sheet2!P10 -> 86.1 | D8: =Sheet3!P9 -> 0.83006645 | E8: 0.79 | F8: 0.72 | G8: 0.75 | I8: =(C8*0.125)+(D8*25)+(E8*25)+(F8*25)+(G8*12.5) -> 78.639161 | J8: =VLOOKUP(I8,$K$5:$L$17,2,TRUE()) -> C+ | K8: 66 | L8: D+
A9: Hannah, Hope | C9: =Sheet2!P11 -> 83.6 | D9: =Sheet3!P10 -> 0.79960128 | E9: 0.8 | F9: 0.87 | G9: 0.9 | I9: =(C9*0.125)+(D9*25)+(E9*25)+(F9*25)+(G9*12.5) -> 83.440032 | J9: =VLOOKUP(I9,$K$5:$L$17,2,TRUE()) -> B | K9: 69.5 | L9: C-
A10: Lane, Chasey | C10: =Sheet2!P12 -> 72.2 | D10: =Sheet3!P11 -> 0.70595694 | E10: 0.69 | F10: 0.65 | G10: 0.7 | I10: =(C10*0.125)+(D10*25)+(E10*25)+(F10*25)+(G10*12.5) -> 68.923923 | J10: =VLOOKUP(I10,$K$5:$L$17,2,TRUE()) -> D+ | K10: 73 | L10: C
A11: Less, Mandy | C11: =Sheet2!P13 -> 80.6 | D11: =Sheet3!P12 -> 0.86748538 | E11: 0.89 | F11: 0.91 | G11: 0.85 | I11: =(C11*0.125)+(D11*25)+(E11*25)+(F11*25)+(G11*12.5) -> 87.387135 | J11: =VLOOKUP(I11,$K$5:$L$17,2,TRUE()) -> B+ | K11: 76 | L11: C+
A12: Ming, Ho Chi | C12: =Sheet2!P14 -> 89.5 | D12: =Sheet3!P13 -> 0.84924242 | E12: 0.92 | F12: 0.89 | G12: 0.85 | I12: =(C12*0.125)+(D12*25)+(E12*25)+(F12*25)+(G12*12.5) -> 88.293561 | J12: =VLOOKUP(I12,$K$5:$L$17,2,TRUE()) -> B+ | K12: 79.5 | L12: B-
A13: Moutian, Misty | C13: =Sheet2!P15 -> 85.7 | D13: =Sheet3!P14 -> 1.7784038 | E13: 0.95 | F13: 0.89 | G13: 1 | I13: =(C13*0.125)+(D13*25)+(E13*25)+(F13*25)+(G13*12.5) -> 113.67259 | J13: =VLOOKUP(I13,$K$5:$L$17,2,TRUE()) -> A+ | K13: 83 | L13: B
A14: RaHeem, Abdul | C14: =Sheet2!P16 -> 86.9 | D14: =Sheet3!P15 -> 0.86678495 | E14: 0.8 | F14: 0.74 | G14: 0.95 | I14: =(C14*0.125)+(D14*25)+(E14*25)+(F14*25)+(G14*12.5) -> 82.907124 | J14: =VLOOKUP(I14,$K$5:$L$17,2,TRUE()) -> B- | K14: 86 | L14: B+
A15: Scorpion, Eve | C15: =Sheet2!P17 -> 86.7 | D15: =Sheet3!P16 -> 0.85076422 | E15: 0.93 | F15: 0.85 | G15: 0.9 | I15: =(C15*0.125)+(D15*25)+(E15*25)+(F15*25)+(G15*12.5) -> 87.856606 | J15: =VLOOKUP(I15,$K$5:$L$17,2,TRUE()) -> B+ | K15: 89.5 | L15: A-
A16: Smith, Taylor | C16: =Sheet2!P18 -> 87.1 | D16: =Sheet3!P17 -> 0.8614806 | E16: 0.7 | F16: 0.89 | G16: 1 | I16: =(C16*0.125)+(D16*25)+(E16*25)+(F16*25)+(G16*12.5) -> 84.674515 | J16: =VLOOKUP(I16,$K$5:$L$17,2,TRUE()) -> B | K16: 93 | L16: A
A17: Wiggum, Ralph | C17: =Sheet2!P19 -> 97.7 | D17: =Sheet3!P18 -> 0.97059543 | E17: 0.96 | F17: 0.95 | G17: 1 | I17: =(C17*0.125)+(D17*25)+(E17*25)+(F17*25)+(G17*12.5) -> 96.727386 | J17: =VLOOKUP(I17,$K$5:$L$17,2,TRUE()) -> A+ | K17: 96 | L17: A+
A19: High Grade | C19: =MAX(C3:C17) -> 97.7 | D19: =MAX(D3:D17) -> 1.7784038 | E19: =MAX(E3:E17) -> 0.96 | F19: =MAX(F3:F17) -> 0.95 | G19: =MAX(G3:G17) -> 1 | I19: =MAX(I3:I17) -> 113.67259
A20: Low Grade | C20: =MIN(C4:C18) -> 72.2 | D20: =MIN(D3:D17) -> 0.70595694 | E20: =MIN(E3:E17) -> 0.69 | F20: =MIN(F3:F17) -> 0.65 | G20: =MIN(G3:G17) -> 0.7 | I20: =MIN(I3:I17) -> 68.923923
A21: Class Average | C21: =MAX(C5:C19) -> 97.7 | D21: =AVERAGE(D3:D17) -> 0.91609082 | E21: =AVERAGE(E3:E17) -> 0.848 | F21: =AVERAGE(F3:F17) -> 0.838 | G21: =AVERAGE(G3:G17) -> 0.90666667 | I21: =AVERAGE(I3:I17) -> 87.110604

Sheet Sheet2
F1: HOMEWORK WORKSHEET
A3: Students | C3: Homework 1 | D3: Homework 2 | E3: Homework 3 | F3: Homework 4 | G3: Homework 5 | H3: Homework 6 | I3: Homework 7 | J3: Homework 8 | K3: Homework 9 | L3: Homework 10 | N3: Student's Highest Grade | O3: Student's Lowest Grade | P3: Student's Average
A5: Angel, Elizabeth | C5: 100 | D5: 95 | E5: 95 | F5: 90 | G5: 100 | H5: 82 | I5: 90 | J5: 70 | K5: 80 | L5: 85 | N5: =MAX(C5:L5) -> 100 | O5: =MIN(C5:L5) -> 70 | P5: =AVERAGE(C5:L5) -> 88.7
A6: Bass, Ronnie | C6: 100 | D6: 89 | E6: 92 | F6: 90 | G6: 89 | H6: 92 | I6: 89 | J6: 82 | K6: 86 | L6: 93 | N6: =MAX(C6:L6) -> 100 | O6: =MIN(C6:L6) -> 82 | P6: =AVERAGE(C6:L6) -> 90.2
A7: Bear, Ty | C7: 100 | D7: 87 | E7: 86 | F7: 92 | G7: 76 | H7: 88 | I7: 91 | J7: 81 | K7: 75 | L7: 85 | N7: =MAX(C7:L7) -> 100 | O7: =MIN(C7:L7) -> 75 | P7: =AVERAGE(C7:L7) -> 86.1
A8: Britt, Edward J. | C8: 100 | D8: 78 | E8: 78 | F8: 86 | G8: 85 | H8: 88 | I8: 80 | J8: 75 | K8: 80 | L8: 81 | N8: =MAX(C8:L8) -> 100 | O8: =MIN(C8:L8) -> 75 | P8: =AVERAGE(C8:L8) -> 83.1
A9: Cerrantino, Joesph | C9: 100 | D9: 92 | E9: 65 | F9: 76 | G9: 92 | H9: 80 | I9: 85 | J9: 77 | K9: 82 | L9: 79 | N9: =MAX(C9:L9) -> 100 | O9: =MIN(C9:L9) -> 65 | P9: =AVERAGE(C9:L9) -> 82.8
A10: Gellar, Christina | C10: 100 | D10: 85 | E10: 94 | F10: 88 | G10: 85 | H10: 75 | I10: 86 | J10: 82 | K10: 86 | L10: 80 | N10: =MAX(C10:L10) -> 100 | O10: =MIN(C10:L10) -> 75 | P10: =AVERAGE(C10:L10) -> 86.1
A11: Hannah, Hope | C11: 100 | D11: 96 | E11: 80 | F11: 82 | G11: 75 | H11: 86 | I11: 82 | J11: 80 | K11: 72 | L11: 83 | N11: =MAX(C11:L11) -> 100 | O11: =MIN(C11:L11) -> 72 | P11: =AVERAGE(C11:L11) -> 83.6
A12: Lane, Chasey | C12: 100 | D12: 72 | E12: 75 | F12: 80 | G12: 65 | H12: 55 | I12: 71 | J12: 60 | K12: 75 | L12: 69 | N12: =MAX(C12:L12) -> 100 | O12: =MIN(C12:L12) -> 55 | P12: =AVERAGE(C12:L12) -> 72.2
A13: Less, Mandy | C13: 100 | D13: 83 | E13: 82 | F13: 75 | G13: 90 | H13: 88 | I13: 80 | J13: 63 | K13: 76 | L13: 69 | N13: =MAX(C13:L13) -> 100 | O13: =MIN(C13:L13) -> 63 | P13: =AVERAGE(C13:L13) -> 80.6
A14: Ming, Ho Chi | C14: 100 | D14: 95 | E14: 80 | F14: 90 | G14: 95 | H14: 89 | I14: 81 | J14: 79 | K14: 86 | L14: 100 | N14: =MAX(C14:L14) -> 100 | O14: =MIN(C14:L14) -> 79 | P14: =AVERAGE(C14:L14) -> 89.5
A15: Moutian, Misty | C15: 100 | D15: 86 | E15: 95 | F15: 92 | G15: 89 | H15: 84 | I15: 79 | J15: 74 | K15: 75 | L15: 83 | N15: =MAX(C15:L15) -> 100 | O15: =MIN(C15:L15) -> 74 | P15: =AVERAGE(C15:L15) -> 85.7
A16: RaHeem, Abdul | C16: 100 | D16: 81 | E16: 89 | F16: 88 | G16: 92 | H16: 89 | I16: 80 | J16: 76 | K16: 86 | L16: 88 | N16: =MAX(C16:L16) -> 100 | O16: =MIN(C16:L16) -> 76 | P16: =AVERAGE(C16:L16) -> 86.9
... A19: Wiggum, Ralph | C19: 100 | D19: 98 | E19: 100 | F19: 95 | G19: 100 | H19: 98 | I19: 100 | J19: 92 | K19: 96 | L19: 98 | N19: =MAX(C19:L19) -> 100 | O19: =MIN(C19:L19) -> 92 | P19: =AVERAGE(C19:L19) -> 97.7
A21: Higest Grade | C21: =MAX(C5:C19) -> 100 | D21: =MAX(D5:D19) -> 98 | E21: =MAX(E5:E19) -> 100 | F21: =MAX(F5:F19) -> 95 | G21: =MAX(G5:G19) -> 100 | H21: =MAX(H5:H19) -> 98 | I21: =MAX(I5:I19) -> 100 | J21: =MAX(J5:J19) -> 92 | ... L21: =MAX(L5:L19) -> 100
A22: Lowest Grade | C22: =MIN(C5:C19) -> 100 | D22: =MIN(D5:D19) -> 72 | E22: =MIN(E5:E19) -> 65 | F22: =MIN(F5:F19) -> 75 | G22: =MIN(G5:G19) -> 65 | H22: =MIN(H5:H19) -> 55 | I22: =MIN(I5:I19) -> 71 | J22: =MIN(J5:J19) -> 60 | ... L22: =MIN(L5:L19) -> 69
A23: Class Average | C23: =AVERAGE(C5:C19) -> 100 | D23: =AVERAGE(D5:D19) -> 87.533333 | E23: =AVERAGE(E5:E19) -> 83.2 | F23: =AVERAGE(F5:F19) -> 85.6 | G23: =AVERAGE(G5:G19) -> 88.133333 | H23: =AVERAGE(H5:H19) -> 85 | I23: =AVERAGE(I5:I19) -> 85.2 | J23: =AVERAGE(J5:J19) -> 77.4 | ... L23: =AVERAGE(L5:L19) -> 84.333333

Sheet Sheet3
A1: Studnets | C1: Test 1 Points | D1: Test 1 Percentage | E1: Test 2 Points | F1: Test 2 Percentage | G1: Test 3 Points | H1: Test 3 Percentage | I1: Test 4 Points | J1: Test 4 Percentage | K1: Test 5 Points | L1: Test 5 Percentage | N1: Student's Highest Grade | O1: Student's Lowest Grade | P1: Student's Average
A2: Total Possible Points | C2: 100 | E2: 110 | G2: 90 | I2: 95 | K2: 120
A4: Angel, Elizabeth | C4: 90 | D4: =C4/$D$24 -> 0.9 | E4: 95 | F4: =E4/$F$24 -> 0.86363636 | G4: 84 | H4: =G4/$H$24 -> 0.93333333 | I4: 85 | J4: =I4/$J$24 -> 0.89473684 | K4: 106 | L4: =K4/$L$24 -> 0.88333333 | N4: =MAX(D4,F4,H4,J4,L4) -> 0.93333333 | O4: =MIN(D4,F4,H4,J4,L4) -> 0.86363636 | P4: =AVERAGE(D4,F4,H4,J4,L40) -> 0.89792663
A5: Bass, Ronnie | C5: 88 | D5: =C5/$D$24 -> 0.88 | E5: 96 | F5: =E5/$F$24 -> 0.87272727 | G5: 80 | H5: =G5/$H$24 -> 0.88888889 | I5: 80 | J5: =I5/$J$24 -> 0.84210526 | K5: 95 | L5: =K5/$L$24 -> 0.79166667 | N5: =MAX(D5,F5,H5,J5,L5) -> 0.88888889 | O5: =MIN(D5,F5,H5,J5,L5) -> 0.79166667 | P5: =AVERAGE(D5,F5,H5,J5,L41) -> 0.87093036
A6: Bear, Ty | C6: 85 | D6: =C6/$D$24 -> 0.85 | E6: 91 | F6: =E6/$F$24 -> 0.82727273 | G6: 75 | H6: =G6/$H$24 -> 0.83333333 | I6: 77 | J6: =I6/$J$24 -> 0.81052632 | K6: 92 | L6: =K6/$L$24 -> 0.76666667 | N6: =MAX(D6,F6,H6,J6,L6) -> 0.85 | O6: =MIN(D6,F6,H6,J6,L6) -> 0.76666667 | P6: =AVERAGE(D6,F6,H6,J6,L42) -> 0.83028309
A7: Britt, Edward J. | C7: 92 | D7: =C7/$D$24 -> 0.92 | E7: 100 | F7: =E7/$F$24 -> 0.90909091 | G7: 86 | H7: =G7/$H$24 -> 0.95555556 | I7: 80 | J7: =I7/$J$24 -> 0.84210526 | K7: 89 | L7: =K7/$L$24 -> 0.74166667 | N7: =MAX(D7,F7,H7,J7,L7) -> 0.95555556 | O7: =MIN(D7,F7,H7,J7,L7) -> 0.74166667 | P7: =AVERAGE(D7,F7,H7,J7,L43) -> 0.90668793
A8: Cerrantino, Joesph | C8: 87 | D8: =C8/$D$24 -> 0.87 | E8: 89 | F8: =E8/$F$24 -> 0.80909091 | G8: 80 | H8: =G8/$H$24 -> 0.88888889 | I8: 81 | J8: =I8/$J$24 -> 0.85263158 | K8: 99 | L8: =K8/$L$24 -> 0.825 | N8: =MAX(D8,F8,H8,J8,L8) -> 0.88888889 | O8: =MIN(D8,F8,H8,J8,L8) -> 0.80909091 | P8: =AVERAGE(D8,F8,H8,J8,L44) -> 0.85515284
A9: Gellar, Christina | C9: 82 | D9: =C9/$D$24 -> 0.82 | E9: 87 | F9: =E9/$F$24 -> 0.79090909 | G9: 79 | H9: =G9/$H$24 -> 0.87777778 | I9: 79 | J9: =I9/$J$24 -> 0.83157895 | K9: 91 | L9: =K9/$L$24 -> 0.75833333 | N9: =MAX(D9,F9,H9,J9,L9) -> 0.87777778 | O9: =MIN(D9,F9,H9,J9,L9) -> 0.75833333 | P9: =AVERAGE(D9,F9,H9,J9,L45) -> 0.83006645
A10: Hannah, Hope | C10: 80 | D10: =C10/$D$24 -> 0.8 | E10: 83 | F10: =E10/$F$24 -> 0.75454545 | G10: 75 | H10: =G10/$H$24 -> 0.83333333 | I10: 77 | J10: =I10/$J$24 -> 0.81052632 | K10: 108 | L10: =K10/$L$24 -> 0.9 | N10: =MAX(D10,F10,H10,J10,L10) -> 0.9 | O10: =MIN(D10,F10,H10,J10,L10) -> 0.75454545 | P10: =AVERAGE(D10,F10,H10,J10,L46) -> 0.79960128
A11: Lane, Chasey | C11: 72 | D11: =C11/$D$24 -> 0.72 | E11: 78 | F11: =E11/$F$24 -> 0.70909091 | G11: 63 | H11: =G11/$H$24 -> 0.7 | I11: 66 | J11: =I11/$J$24 -> 0.69473684 | K11: 82 | L11: =K11/$L$24 -> 0.68333333 | N11: =MAX(D11,F11,H11,J11,L11) -> 0.72 | O11: =MIN(D11,F11,H11,J11,L11) -> 0.68333333 | P11: =AVERAGE(D11,F11,H11,J11,L47) -> 0.70595694
A12: Less, Mandy | C12: 86 | D12: =C12/$D$24 -> 0.86 | E12: 99 | F12: =E12/$F$24 -> 0.9 | G12: 80 | H12: =G12/$H$24 -> 0.88888889 | I12: 78 | J12: =I12/$J$24 -> 0.82105263 | K12: 102 | L12: =K12/$L$24 -> 0.85 | N12: =MAX(D12,F12,H12,J12,L12) -> 0.9 | O12: =MIN(D12,F12,H12,J12,L12) -> 0.82105263 | P12: =AVERAGE(D12,F12,H12,J12,L48) -> 0.86748538
A13: Ming, Ho Chi | C13: 90 | D13: =C13/$D$24 -> 0.9 | E13: 95 | F13: =E13/$F$24 -> 0.86363636 | G13: 75 | H13: =G13/$H$24 -> 0.83333333 | I13: 76 | J13: =I13/$J$24 -> 0.8 | K13: 96 | L13: =K13/$L$24 -> 0.8 | N13: =MAX(D13,F13,H13,J13,L13) -> 0.9 | O13: =MIN(D13,F13,H13,J13,L13) -> 0.8 | P13: =AVERAGE(D13,F13,H13,J13,L49) -> 0.84924242
A14: Moutian, Misty | C14: 91 | D14: =C14/$D$24 -> 0.91 | E14: 101 | F14: =510/$F$24 -> 4.6363636 | G14: 70 | H14: =G14/$H$24 -> 0.77777778 | I14: 75 | J14: =I14/$J$24 -> 0.78947368 | K14: 85 | L14: =K14/$L$24 -> 0.70833333 | N14: =MAX(D14,F14,H14,J14,L14) -> 4.6363636 | O14: =MIN(D14,F14,H14,J14,L14) -> 0.70833333 | P14: =AVERAGE(D14,F14,H14,J14,L50) -> 1.7784038
A15: RaHeem, Abdul | C15: 89 | D15: =C15/$D$24 -> 0.89 | E15: 86 | F15: =E15/$F$24 -> 0.78181818 | G15: 82 | H15: =G15/$H$24 -> 0.91111111 | I15: 84 | J15: =I15/$J$24 -> 0.88421053 | K15: 94 | L15: =K15/$L$24 -> 0.78333333 | N15: =MAX(D15,F15,H15,J15,L15) -> 0.91111111 | O15: =MIN(D15,F15,H15,J15,L15) -> 0.78181818 | P15: =AVERAGE(D15,F15,H15,J15,L51) -> 0.86678495
A16: Scorpion, Eve | C16: 85 | D16: =C16/$D$24 -> 0.85 | E16: 93 | F16: =E16/$F$24 -> 0.84545455 | G16: 76 | H16: =G16/$H$24 -> 0.84444444 | I16: 82 | J16: =I16/$J$24 -> 0.86315789 | K16: 86 | L16: =K16/$L$24 -> 0.71666667 | N16: =MAX(D16,F16,H16,J16,L16) -> 0.86315789 | O16: =MIN(D16,F16,H16,J16,L16) -> 0.71666667 | P16: =AVERAGE(D16,F16,H16,J16,L52) -> 0.85076422
A17: Smith, Taylor | C17: 88 | D17: =C17/$D$24 -> 0.88 | E17: 93 | F17: =E17/$F$24 -> 0.84545455 | G17: 80 | H17: =G17/$H$24 -> 0.88888889 | I17: 79 | J17: =I17/$J$24 -> 0.83157895 | K17: 100 | L17: =K17/$L$24 -> 0.83333333 | N17: =MAX(D17,F17,H17,J17,L17) -> 0.88888889 | O17: =MIN(D17,F17,H17,J17,L17) -> 0.83157895 | P17: =AVERAGE(D17,F17,H17,J17,L53) -> 0.8614806
A18: Wiggum, Ralph | C18: 96 | D18: =C18/$D$24 -> 0.96 | E18: 105 | F18: =E18/$F$24 -> 0.95454545 | G18: 89 | H18: =G18/$H$24 -> 0.98888889 | I18: 93 | J18: =I18/$J$24 -> 0.97894737 | K18: 115 | L18: =K18/$L$24 -> 0.95833333 | N18: =MAX(D18,F18,H18,J18,L18) -> 0.98888889 | O18: =MIN(D18,F18,H18,J18,L18) -> 0.95454545 | P18: =AVERAGE(D18,F18,H18,J18,L54) -> 0.97059543
A20: Higest Grade | C20: =MAX(C4:C18) -> 96 | D20: =MAX(D4:D18) -> 0.96 | E20: =MAX(E4:E18) -> 105 | F20: =MAX(F4:F18) -> 4.6363636 | G20: =MAX(G4:G18) -> 89 | H20: =MAX(H4:H18) -> 0.98888889 | I20: =MAX(I4:I18) -> 93 | J20: =MAX(J4:J18) -> 0.97894737 | ... L20: =MAX(L4:L18) -> 0.95833333
A21: Lowest Grade | C21: =MIN(C4:C18) -> 72 | D21: =MIN(D4:D18) -> 0.72 | E21: =MIN(E4:E18) -> 78 | F21: =MIN(F4:F18) -> 0.70909091 | G21: =MIN(G4:G18) -> 63 | H21: =MIN(H4:H18) -> 0.7 | I21: =MIN(I4:I18) -> 66 | J21: =MIN(J4:J18) -> 0.69473684 | ... L21: =MIN(L4:L18) -> 0.68333333
A22: Class Average | C22: =AVERAGE(C4:C18) -> 86.733333 | D22: =AVERAGE(D4:D18) -> 0.86733333 | E22: =AVERAGE(E4:E18) -> 92.733333 | F22: =AVERAGE(F4:F18) -> 1.0909091 | G22: =AVERAGE(G4:G18) -> 78.266667 | H22: =AVERAGE(H4:H18) -> 0.86962963 | I22: =AVERAGE(I4:I18) -> 79.466667 | J22: =AVERAGE(J4:J18) -> 0.83649123 | ... L22: =AVERAGE(L4:L18) -> 0.8
A24: Curve Scale | D24: 100 | F24: 110 | H24: 90 | J24: 95 | L24: 120
